[
    { "name":"3M India Ltd.", "slug":"3MINDIA", "se": "NSE" },
    { "name":"ACC Ltd.", "slug":"ACC", "se": "NSE" },
    { "name":"AIA Engineering Ltd.", "slug":"AIAENG", "se": "NSE" },
    { "name":"APL Apollo Tubes Ltd.", "slug":"APLAPOLLO", "se": "NSE" },
    { "name":"AU Small Finance Bank Ltd.", "slug":"AUBANK", "se": "NSE" },
    { "name":"Aavas Financiers Ltd.", "slug":"AAVAS", "se": "NSE" },
    { "name":"Abbott India Ltd.", "slug":"ABBOTINDIA", "se": "NSE" },
    { "name":"Adani Gas Ltd.", "slug":"ADANIGAS", "se": "NSE" },
    { "name":"Adani Green Energy Ltd.", "slug":"ADANIGREEN", "se": "NSE" },
    { "name":"Adani Ports and Special Economic Zone Ltd.", "slug":"ADANIPORTS", "se": "NSE" },
    { "name":"Adani Power Ltd.", "slug":"ADANIPOWER", "se": "NSE" },
    { "name":"Adani Transmission Ltd.", "slug":"ADANITRANS", "se": "NSE" },
    { "name":"Aditya Birla Capital Ltd.", "slug":"ABCAPITAL", "se": "NSE" },
    { "name":"Aditya Birla Fashion and Retail Ltd.", "slug":"ABFRL", "se": "NSE" },
    { "name":"Advanced Enzyme Tech Ltd.", "slug":"ADVENZYMES", "se": "NSE" },
    { "name":"Aegis Logistics Ltd.", "slug":"AEGISCHEM", "se": "NSE" },
    { "name":"Ajanta Pharmaceuticals Ltd.", "slug":"AJANTPHARM", "se": "NSE" },
    { "name":"Akzo Nobel India Ltd.", "slug":"AKZOINDIA", "se": "NSE" },
    { "name":"Alembic Pharmaceuticals Ltd.", "slug":"APLLTD", "se": "NSE" },
    { "name":"Alkem Laboratories Ltd.", "slug":"ALKEM", "se": "NSE" },
    { "name":"Allahabad Bank", "slug":"ALBK", "se": "NSE" },
    { "name":"Allcargo Logistics Ltd.", "slug":"ALLCARGO", "se": "NSE" },
    { "name":"Amara Raja Batteries Ltd.", "slug":"AMARAJABAT", "se": "NSE" },
    { "name":"Amber Enterprises India Ltd.", "slug":"AMBER", "se": "NSE" },
    { "name":"Ambuja Cements Ltd.", "slug":"AMBUJACEM", "se": "NSE" },
    { "name":"Andhra Bank", "slug":"ANDHRABANK", "se": "NSE" },
    { "name":"Apollo Hospitals Enterprise Ltd.", "slug":"APOLLOHOSP", "se": "NSE" },
    { "name":"Apollo Tyres Ltd.", "slug":"APOLLOTYRE", "se": "NSE" },
    { "name":"Arvind Fashions Ltd.", "slug":"ARVINDFASN", "se": "NSE" },
    { "name":"Ashok Leyland Ltd.", "slug":"ASHOKLEY", "se": "NSE" },
    { "name":"Ashoka Buildcon Ltd.", "slug":"ASHOKA", "se": "NSE" },
    { "name":"Asian Paints Ltd.", "slug":"ASIANPAINT", "se": "NSE" },
    { "name":"Aster DM Healthcare Ltd.", "slug":"ASTERDM", "se": "NSE" },
    { "name":"AstraZenca Pharma India Ltd.", "slug":"ASTRAZEN", "se": "NSE" },
    { "name":"Astral Poly Technik Ltd.", "slug":"ASTRAL", "se": "NSE" },
    { "name":"Atul Ltd.", "slug":"ATUL", "se": "NSE" },
    { "name":"Aurobindo Pharma Ltd.", "slug":"AUROPHARMA", "se": "NSE" },
    { "name":"Avanti Feeds Ltd.", "slug":"AVANTIFEED", "se": "NSE" },
    { "name":"Avenue Supermarts Ltd.", "slug":"DMART", "se": "NSE" },
    { "name":"Axis Bank Ltd.", "slug":"AXISBANK", "se": "NSE" },
    { "name":"BASF India Ltd.", "slug":"BASF", "se": "NSE" },
    { "name":"BEML Ltd.", "slug":"BEML", "se": "NSE" },
    { "name":"BSE Ltd.", "slug":"BSE", "se": "NSE" },
    { "name":"Bajaj Auto Ltd.", "slug":"BAJAJ-AUTO", "se": "NSE" },
    { "name":"Bajaj Consumer Care Ltd.", "slug":"BAJAJCON", "se": "NSE" },
    { "name":"Bajaj Electricals Ltd", "slug":"BAJAJELEC", "se": "NSE" },
    { "name":"Bajaj Finance Ltd.", "slug":"BAJFINANCE", "se": "NSE" },
    { "name":"Bajaj Finserv Ltd.", "slug":"BAJAJFINSV", "se": "NSE" },
    { "name":"Bajaj Holdings & Investment Ltd.", "slug":"BAJAJHLDNG", "se": "NSE" },
    { "name":"Balkrishna Industries Ltd.", "slug":"BALKRISIND", "se": "NSE" },
    { "name":"Balmer Lawrie & Co. Ltd.", "slug":"BALMLAWRIE", "se": "NSE" },
    { "name":"Balrampur Chini Mills Ltd.", "slug":"BALRAMCHIN", "se": "NSE" },
    { "name":"Bandhan Bank Ltd.", "slug":"BANDHANBNK", "se": "NSE" },
    { "name":"Bank of Baroda", "slug":"BANKBARODA", "se": "NSE" },
    { "name":"Bank of India", "slug":"BANKINDIA", "se": "NSE" },
    { "name":"Bank of Maharashtra.", "slug":"MAHABANK", "se": "NSE" },
    { "name":"Bata India Ltd.", "slug":"BATAINDIA", "se": "NSE" },
    { "name":"Bayer Cropscience Ltd.", "slug":"BAYERCROP", "se": "NSE" },
    { "name":"Berger Paints India Ltd.", "slug":"BERGEPAINT", "se": "NSE" },
    { "name":"Bharat Dynamics Ltd.", "slug":"BDL", "se": "NSE" },
    { "name":"Bharat Electronics Ltd.", "slug":"BEL", "se": "NSE" },
    { "name":"Bharat Forge Ltd.", "slug":"BHARATFORG", "se": "NSE" },
    { "name":"Bharat Heavy Electricals Ltd.", "slug":"BHEL", "se": "NSE" },
    { "name":"Bharat Petroleum Corporation Ltd.", "slug":"BPCL", "se": "NSE" },
    { "name":"Bharti Airtel Ltd.", "slug":"BHARTIARTL", "se": "NSE" },
    { "name":"Bharti Infratel Ltd.", "slug":"INFRATEL", "se": "NSE" },
    { "name":"Biocon Ltd.", "slug":"BIOCON", "se": "NSE" },
    { "name":"Birla Corporation Ltd.", "slug":"BIRLACORPN", "se": "NSE" },
    { "name":"Birlasoft Ltd.", "slug":"BSOFT", "se": "NSE" },
    { "name":"Bliss GVS Pharma Ltd.", "slug":"BLISSGVS", "se": "NSE" },
    { "name":"Blue Dart Express Ltd.", "slug":"BLUEDART", "se": "NSE" },
    { "name":"Blue Star Ltd.", "slug":"BLUESTARCO", "se": "NSE" },
    { "name":"Bombay Burmah Trading Corporation Ltd.", "slug":"BBTC", "se": "NSE" },
    { "name":"Bombay Dyeing & Manufacturing Co. Ltd.", "slug":"BOMDYEING", "se": "NSE" },
    { "name":"Bosch Ltd.", "slug":"BOSCHLTD", "se": "NSE" },
    { "name":"Brigade Enterprises Ltd.", "slug":"BRIGADE", "se": "NSE" },
    { "name":"Britannia Industries Ltd.", "slug":"BRITANNIA", "se": "NSE" },
    { "name":"CARE Ratings Ltd.", "slug":"CARERATING", "se": "NSE" },
    { "name":"CCL Products (I) Ltd.", "slug":"CCL", "se": "NSE" },
    { "name":"CESC Ltd.", "slug":"CESC", "se": "NSE" },
    { "name":"CG Power and Industrial Solutions Ltd.", "slug":"CGPOWER", "se": "NSE" },
    { "name":"CRISIL Ltd.", "slug":"CRISIL", "se": "NSE" },
    { "name":"Cadila Healthcare Ltd.", "slug":"CADILAHC", "se": "NSE" },
    { "name":"Can Fin Homes Ltd.", "slug":"CANFINHOME", "se": "NSE" },
    { "name":"Canara Bank", "slug":"CANBK", "se": "NSE" },
    { "name":"Caplin Point Laboratories Ltd.", "slug":"CAPLIPOINT", "se": "NSE" },
    { "name":"Capri Global Capital Ltd.", "slug":"CGCL", "se": "NSE" },
    { "name":"Carborundum Universal Ltd.", "slug":"CARBORUNIV", "se": "NSE" },
    { "name":"Castrol India Ltd.", "slug":"CASTROLIND", "se": "NSE" },
    { "name":"Ceat Ltd.", "slug":"CEATLTD", "se": "NSE" },
    { "name":"Central Bank of India", "slug":"CENTRALBK", "se": "NSE" },
    { "name":"Central Depository Services (India) Ltd.", "slug":"CDSL", "se": "NSE" },
    { "name":"Century Plyboards (India) Ltd.", "slug":"CENTURYPLY", "se": "NSE" },
    { "name":"Cera Sanitaryware Ltd", "slug":"CERA", "se": "NSE" },
    { "name":"Chalet Hotels Ltd.", "slug":"CHALET", "se": "NSE" },
    { "name":"Chambal Fertilizers & Chemicals Ltd.", "slug":"CHAMBLFERT", "se": "NSE" },
    { "name":"Chennai Petroleum Corporation Ltd.", "slug":"CHENNPETRO", "se": "NSE" },
    { "name":"Cholamandalam Financial Holdings Ltd.", "slug":"CHOLAHLDNG", "se": "NSE" },
    { "name":"Cholamandalam Investment and Finance Company Ltd.", "slug":"CHOLAFIN", "se": "NSE" },
    { "name":"Cipla Ltd.", "slug":"CIPLA", "se": "NSE" },
    { "name":"City Union Bank Ltd.", "slug":"CUB", "se": "NSE" },
    { "name":"Coal India Ltd.", "slug":"COALINDIA", "se": "NSE" },
    { "name":"Cochin Shipyard Ltd.", "slug":"COCHINSHIP", "se": "NSE" },
    { "name":"Coffee Day Enterprises Ltd.", "slug":"COFFEEDAY", "se": "NSE" },
    { "name":"Colgate Palmolive (India) Ltd.", "slug":"COLPAL", "se": "NSE" },
    { "name":"Container Corporation of India Ltd.", "slug":"CONCOR", "se": "NSE" },
    { "name":"Coromandel International Ltd.", "slug":"COROMANDEL", "se": "NSE" },
    { "name":"Corporation Bank", "slug":"CORPBANK", "se": "NSE" },
    { "name":"Cox & Kings Ltd.", "slug":"COX&KINGS", "se": "NSE" },
    { "name":"CreditAccess Grameen Ltd.", "slug":"CREDITACC", "se": "NSE" },
    { "name":"Crompton Greaves Consumer Electricals Ltd.", "slug":"CROMPTON", "se": "NSE" },
    { "name":"Cummins India Ltd.", "slug":"CUMMINSIND", "se": "NSE" },
    { "name":"Cyient Ltd.", "slug":"CYIENT", "se": "NSE" },
    { "name":"D.B.Corp Ltd.", "slug":"DBCORP", "se": "NSE" },
    { "name":"DCB Bank Ltd.", "slug":"DCBBANK", "se": "NSE" },
    { "name":"DCM Shriram Ltd.", "slug":"DCMSHRIRAM", "se": "NSE" },
    { "name":"DLF Ltd.", "slug":"DLF", "se": "NSE" },
    { "name":"Dabur India Ltd.", "slug":"DABUR", "se": "NSE" },
    { "name":"Dalmia Bharat Ltd.", "slug":"DALBHARAT", "se": "NSE" },
    { "name":"Deepak Nitrite Ltd.", "slug":"DEEPAKNTR", "se": "NSE" },
    { "name":"Delta Corp Ltd.", "slug":"DELTACORP", "se": "NSE" },
    { "name":"Den Networks Ltd.", "slug":"DEN", "se": "NSE" },
    { "name":"Dewan Housing Finance Corporation Ltd.", "slug":"DHFL", "se": "NSE" },
    { "name":"Dilip Buildcon Ltd.", "slug":"DBL", "se": "NSE" },
    { "name":"Dish TV India Ltd.", "slug":"DISHTV", "se": "NSE" },
    { "name":"Dishman Carbogen Amcis Ltd.", "slug":"DCAL", "se": "NSE" },
    { "name":"Divi's Laboratories Ltd.", "slug":"DIVISLAB", "se": "NSE" },
    { "name":"Dixon Technologies (India) Ltd.", "slug":"DIXON", "se": "NSE" },
    { "name":"Dr. Lal Path Labs Ltd.", "slug":"LALPATHLAB", "se": "NSE" },
    { "name":"Dr. Reddy's Laboratories Ltd.", "slug":"DRREDDY", "se": "NSE" },
    { "name":"E.I.D. Parry (India) Ltd.", "slug":"EIDPARRY", "se": "NSE" },
    { "name":"EIH Ltd.", "slug":"EIHOTEL", "se": "NSE" },
    { "name":"Edelweiss Financial Services Ltd.", "slug":"EDELWEISS", "se": "NSE" },
    { "name":"Eicher Motors Ltd.", "slug":"EICHERMOT", "se": "NSE" },
    { "name":"Elgi Equipments Ltd.", "slug":"ELGIEQUIP", "se": "NSE" },
    { "name":"Emami Ltd.", "slug":"EMAMILTD", "se": "NSE" },
    { "name":"Endurance Technologies Ltd.", "slug":"ENDURANCE", "se": "NSE" },
    { "name":"Engineers India Ltd.", "slug":"ENGINERSIN", "se": "NSE" },
    { "name":"Equitas Holdings Ltd.", "slug":"EQUITAS", "se": "NSE" },
    { "name":"Eris Lifesciences Ltd.", "slug":"ERIS", "se": "NSE" },
    { "name":"Escorts Ltd.", "slug":"ESCORTS", "se": "NSE" },
    { "name":"Essel Propack Ltd.", "slug":"ESSELPACK", "se": "NSE" },
    { "name":"Exide Industries Ltd.", "slug":"EXIDEIND", "se": "NSE" },
    { "name":"FDC Ltd.", "slug":"FDC", "se": "NSE" },
    { "name":"Federal Bank Ltd.", "slug":"FEDERALBNK", "se": "NSE" },
    { "name":"Federal-Mogul Goetze (India) Ltd.", "slug":"FMGOETZE", "se": "NSE" },
    { "name":"Fine Organic Industries Ltd.", "slug":"FINEORG", "se": "NSE" },
    { "name":"Finolex Cables Ltd.", "slug":"FINCABLES", "se": "NSE" },
    { "name":"Finolex Industries Ltd.", "slug":"FINPIPE", "se": "NSE" },
    { "name":"Firstsource Solutions Ltd.", "slug":"FSL", "se": "NSE" },
    { "name":"Fortis Healthcare Ltd.", "slug":"FORTIS", "se": "NSE" },
    { "name":"Future Consumer Ltd.", "slug":"FCONSUMER", "se": "NSE" },
    { "name":"Future Lifestyle Fashions Ltd.", "slug":"FLFL", "se": "NSE" },
    { "name":"Future Retail Ltd.", "slug":"FRETAIL", "se": "NSE" },
    { "name":"GAIL (India) Ltd.", "slug":"GAIL", "se": "NSE" },
    { "name":"GE Power India Ltd.", "slug":"GEPIL", "se": "NSE" },
    { "name":"GE T&D India Ltd.", "slug":"GET&D", "se": "NSE" },
    { "name":"GHCL Ltd.", "slug":"GHCL", "se": "NSE" },
    { "name":"GMR Infrastructure Ltd.", "slug":"GMRINFRA", "se": "NSE" },
    { "name":"Galaxy Surfactants Ltd.", "slug":"GALAXYSURF", "se": "NSE" },
    { "name":"Garware Technical Fibres Ltd.", "slug":"GARFIBRES", "se": "NSE" },
    { "name":"Gayatri Projects Ltd.", "slug":"GAYAPROJ", "se": "NSE" },
    { "name":"General Insurance Corporation of India", "slug":"GICRE", "se": "NSE" },
    { "name":"Gillette India Ltd.", "slug":"GILLETTE", "se": "NSE" },
    { "name":"Glaxosmithkline Pharmaceuticals Ltd.", "slug":"GLAXO", "se": "NSE" },
    { "name":"Glenmark Pharmaceuticals Ltd.", "slug":"GLENMARK", "se": "NSE" },
    { "name":"Godfrey Phillips India Ltd.", "slug":"GODFRYPHLP", "se": "NSE" },
    { "name":"Godrej Agrovet Ltd.", "slug":"GODREJAGRO", "se": "NSE" },
    { "name":"Godrej Consumer Products Ltd.", "slug":"GODREJCP", "se": "NSE" },
    { "name":"Godrej Industries Ltd.", "slug":"GODREJIND", "se": "NSE" },
    { "name":"Godrej Properties Ltd.", "slug":"GODREJPROP", "se": "NSE" },
    { "name":"Granules India Ltd.", "slug":"GRANULES", "se": "NSE" },
    { "name":"Graphite India Ltd.", "slug":"GRAPHITE", "se": "NSE" },
    { "name":"Grasim Industries Ltd.", "slug":"GRASIM", "se": "NSE" },
    { "name":"Great Eastern Shipping Co. Ltd.", "slug":"GESHIP", "se": "NSE" },
    { "name":"Greaves Cotton Ltd.", "slug":"GREAVESCOT", "se": "NSE" },
    { "name":"Grindwell Norton Ltd.", "slug":"GRINDWELL", "se": "NSE" },
    { "name":"Gujarat Alkalies & Chemicals Ltd.", "slug":"GUJALKALI", "se": "NSE" },
    { "name":"Gujarat Gas Ltd.", "slug":"GUJGASLTD", "se": "NSE" },
    { "name":"Gujarat Mineral Development Corporation Ltd.", "slug":"GMDCLTD", "se": "NSE" },
    { "name":"Gujarat Narmada Valley Fertilizers and Chemicals Ltd.", "slug":"GNFC", "se": "NSE" },
    { "name":"Gujarat Pipavav Port Ltd.", "slug":"GPPL", "se": "NSE" },
    { "name":"Gujarat State Fertilizers & Chemicals Ltd.", "slug":"GSFC", "se": "NSE" },
    { "name":"Gujarat State Petronet Ltd.", "slug":"GSPL", "se": "NSE" },
    { "name":"Gulf Oil Lubricants India Ltd.", "slug":"GULFOILLUB", "se": "NSE" },
    { "name":"H.E.G. Ltd.", "slug":"HEG", "se": "NSE" },
    { "name":"HCL Technologies Ltd.", "slug":"HCLTECH", "se": "NSE" },
    { "name":"HDFC Asset Management Company Ltd.", "slug":"HDFCAMC", "se": "NSE" },
    { "name":"HDFC Bank Ltd.", "slug":"HDFCBANK", "se": "NSE" },
    { "name":"HDFC Life Insurance Company Ltd.", "slug":"HDFCLIFE", "se": "NSE" },
    { "name":"HFCL Ltd.", "slug":"HFCL", "se": "NSE" },
    { "name":"Hathway Cable & Datacom Ltd.", "slug":"HATHWAY", "se": "NSE" },
    { "name":"Hatsun Agro Product Ltd.", "slug":"HATSUN", "se": "NSE" },
    { "name":"Havells India Ltd.", "slug":"HAVELLS", "se": "NSE" },
    { "name":"HeidelbergCement India Ltd.", "slug":"HEIDELBERG", "se": "NSE" },
    { "name":"Heritage Foods Ltd.", "slug":"HERITGFOOD", "se": "NSE" },
    { "name":"Hero MotoCorp Ltd.", "slug":"HEROMOTOCO", "se": "NSE" },
    { "name":"Hexaware Technologies Ltd.", "slug":"HEXAWARE", "se": "NSE" },
    { "name":"Himadri Speciality Chemical Ltd.", "slug":"HSCL", "se": "NSE" },
    { "name":"Himatsingka Seide Ltd.", "slug":"HIMATSEIDE", "se": "NSE" },
    { "name":"Hindalco Industries Ltd.", "slug":"HINDALCO", "se": "NSE" },
    { "name":"Hindustan Aeronautics Ltd.", "slug":"HAL", "se": "NSE" },
    { "name":"Hindustan Copper Ltd.", "slug":"HINDCOPPER", "se": "NSE" },
    { "name":"Hindustan Petroleum Corporation Ltd.", "slug":"HINDPETRO", "se": "NSE" },
    { "name":"Hindustan Unilever Ltd.", "slug":"HINDUNILVR", "se": "NSE" },
    { "name":"Hindustan Zinc Ltd.", "slug":"HINDZINC", "se": "NSE" },
    { "name":"Honeywell Automation India Ltd.", "slug":"HONAUT", "se": "NSE" },
    { "name":"Housing & Urban Development Corporation Ltd.", "slug":"HUDCO", "se": "NSE" },
    { "name":"Housing Development Finance Corporation Ltd.", "slug":"HDFC", "se": "NSE" },
    { "name":"ICICI Bank Ltd.", "slug":"ICICIBANK", "se": "NSE" },
    { "name":"ICICI Lombard General Insurance Company Ltd.", "slug":"ICICIGI", "se": "NSE" },
    { "name":"ICICI Prudential Life Insurance Company Ltd.", "slug":"ICICIPRULI", "se": "NSE" },
    { "name":"ICICI Securities Ltd.", "slug":"ISEC", "se": "NSE" },
    { "name":"ICRA Ltd.", "slug":"ICRA", "se": "NSE" },
    { "name":"IDBI Bank Ltd.", "slug":"IDBI", "se": "NSE" },
    { "name":"IDFC First Bank Ltd.", "slug":"IDFCFIRSTB", "se": "NSE" },
    { "name":"IDFC Ltd.", "slug":"IDFC", "se": "NSE" },
    { "name":"IFB Industries Ltd.", "slug":"IFBIND", "se": "NSE" },
    { "name":"IFCI Ltd.", "slug":"IFCI", "se": "NSE" },
    { "name":"IIFL Finance Ltd.", "slug":"IIFL", "se": "NSE" },
    { "name":"IRB Infrastructure Developers Ltd.", "slug":"IRB", "se": "NSE" },
    { "name":"IRCON International Ltd.", "slug":"IRCON", "se": "NSE" },
    { "name":"ITC Ltd.", "slug":"ITC", "se": "NSE" },
    { "name":"ITD Cementation India Ltd.", "slug":"ITDCEM", "se": "NSE" },
    { "name":"ITI Ltd.", "slug":"ITI", "se": "NSE" },
    { "name":"India Cements Ltd.", "slug":"INDIACEM", "se": "NSE" },
    { "name":"India Tourism Development Corporation Ltd.", "slug":"ITDC", "se": "NSE" },
    { "name":"Indiabulls Housing Finance Ltd.", "slug":"IBULHSGFIN", "se": "NSE" },
    { "name":"Indiabulls Integrated Services Ltd.", "slug":"IBULISL", "se": "NSE" },
    { "name":"Indiabulls Real Estate Ltd.", "slug":"IBREALEST", "se": "NSE" },
    { "name":"Indiabulls Ventures Ltd.", "slug":"IBVENTURES", "se": "NSE" },
    { "name":"Indian Bank", "slug":"INDIANB", "se": "NSE" },
    { "name":"Indian Energy Exchange Ltd.", "slug":"IEX", "se": "NSE" },
    { "name":"Indian Hotels Co. Ltd.", "slug":"INDHOTEL", "se": "NSE" },
    { "name":"Indian Oil Corporation Ltd.", "slug":"IOC", "se": "NSE" },
    { "name":"Indian Overseas Bank ", "slug":"IOB", "se": "NSE" },
    { "name":"IndoStar Capital Finance Ltd.", "slug":"INDOSTAR", "se": "NSE" },
    { "name":"Indraprastha Gas Ltd.", "slug":"IGL", "se": "NSE" },
    { "name":"IndusInd Bank Ltd.", "slug":"INDUSINDBK", "se": "NSE" },
    { "name":"Infibeam Avenues Ltd.", "slug":"INFIBEAM", "se": "NSE" },
    { "name":"Info Edge (India) Ltd.", "slug":"NAUKRI", "se": "NSE" },
    { "name":"Infosys Ltd.", "slug":"INFY", "se": "NSE" },
    { "name":"Inox Leisure Ltd.", "slug":"INOXLEISUR", "se": "NSE" },
    { "name":"Intellect Design Arena Ltd.", "slug":"INTELLECT", "se": "NSE" },
    { "name":"InterGlobe Aviation Ltd.", "slug":"INDIGO", "se": "NSE" },
    { "name":"Ipca Laboratories Ltd.", "slug":"IPCALAB", "se": "NSE" },
    { "name":"J.B. Chemicals & Pharmaceuticals Ltd.", "slug":"JBCHEPHARM", "se": "NSE" },
    { "name":"J.K. Cement Ltd.", "slug":"JKCEMENT", "se": "NSE" },
    { "name":"JK Lakshmi Cement Ltd.", "slug":"JKLAKSHMI", "se": "NSE" },
    { "name":"JK Paper Ltd.", "slug":"JKPAPER", "se": "NSE" },
    { "name":"JK Tyre & Industries Ltd.", "slug":"JKTYRE", "se": "NSE" },
    { "name":"JM Financial Ltd.", "slug":"JMFINANCIL", "se": "NSE" },
    { "name":"JSW Energy Ltd.", "slug":"JSWENERGY", "se": "NSE" },
    { "name":"JSW Steel Ltd.", "slug":"JSWSTEEL", "se": "NSE" },
    { "name":"Jagran Prakashan Ltd.", "slug":"JAGRAN", "se": "NSE" },
    { "name":"Jai Corp Ltd.", "slug":"JAICORPLTD", "se": "NSE" },
    { "name":"Jain Irrigation Systems Ltd.", "slug":"JISLJALEQS", "se": "NSE" },
    { "name":"Jammu & Kashmir Bank Ltd.", "slug":"J&KBANK", "se": "NSE" },
    { "name":"Jamna Auto Industries Ltd.", "slug":"JAMNAAUTO", "se": "NSE" },
    { "name":"Jindal Saw Ltd.", "slug":"JINDALSAW", "se": "NSE" },
    { "name":"Jindal Stainless (Hisar) Ltd.", "slug":"JSLHISAR", "se": "NSE" },
    { "name":"Jindal Stainless Ltd.", "slug":"JSL", "se": "NSE" },
    { "name":"Jindal Steel & Power Ltd.", "slug":"JINDALSTEL", "se": "NSE" },
    { "name":"Johnson Controls - Hitachi Air Conditioning India Ltd.", "slug":"JCHAC", "se": "NSE" },
    { "name":"Jubilant Foodworks Ltd.", "slug":"JUBLFOOD", "se": "NSE" },
    { "name":"Jubilant Life Sciences Ltd.", "slug":"JUBILANT", "se": "NSE" },
    { "name":"Justdial Ltd.", "slug":"JUSTDIAL", "se": "NSE" },
    { "name":"Jyothy Labs Ltd.", "slug":"JYOTHYLAB", "se": "NSE" },
    { "name":"K.P.R. Mill Ltd.", "slug":"KPRMILL", "se": "NSE" },
    { "name":"KEI Industries Ltd.", "slug":"KEI", "se": "NSE" },
    { "name":"KNR Constructions Ltd.", "slug":"KNRCON", "se": "NSE" },
    { "name":"KPIT Technologies Ltd.", "slug":"KPITTECH", "se": "NSE" },
    { "name":"KRBL Ltd.", "slug":"KRBL", "se": "NSE" },
    { "name":"Kajaria Ceramics Ltd.", "slug":"KAJARIACER", "se": "NSE" },
    { "name":"Kalpataru Power Transmission Ltd.", "slug":"KALPATPOWR", "se": "NSE" },
    { "name":"Kansai Nerolac Paints Ltd.", "slug":"KANSAINER", "se": "NSE" },
    { "name":"Karnataka Bank Ltd.", "slug":"KTKBANK", "se": "NSE" },
    { "name":"Karur Vysya Bank Ltd.", "slug":"KARURVYSYA", "se": "NSE" },
    { "name":"Kaveri Seed Company Ltd.", "slug":"KSCL", "se": "NSE" },
    { "name":"Kec International Ltd.", "slug":"KEC", "se": "NSE" },
    { "name":"Kirloskar Oil Eng Ltd.", "slug":"KIRLOSENG", "se": "NSE" },
    { "name":"Kolte-Patil Developers Ltd.", "slug":"KOLTEPATIL", "se": "NSE" },
    { "name":"Kotak Mahindra Bank Ltd.", "slug":"KOTAKBANK", "se": "NSE" },
    { "name":"L&T Finance Holdings Ltd.", "slug":"L&TFH", "se": "NSE" },
    { "name":"L&T Technology Services Ltd.", "slug":"LTTS", "se": "NSE" },
    { "name":"LIC Housing Finance Ltd.", "slug":"LICHSGFIN", "se": "NSE" },
    { "name":"Lakshmi Machine Works Ltd.", "slug":"LAXMIMACH", "se": "NSE" },
    { "name":"Lakshmi Vilas Bank Ltd.", "slug":"LAKSHVILAS", "se": "NSE" },
    { "name":"Larsen & Toubro Infotech Ltd.", "slug":"LTI", "se": "NSE" },
    { "name":"Larsen & Toubro Ltd.", "slug":"LT", "se": "NSE" },
    { "name":"Laurus Labs Ltd.", "slug":"LAURUSLABS", "se": "NSE" },
    { "name":"Lemon Tree Hotels Ltd.", "slug":"LEMONTREE", "se": "NSE" },
    { "name":"Linde India Ltd.", "slug":"LINDEINDIA", "se": "NSE" },
    { "name":"Lupin Ltd.", "slug":"LUPIN", "se": "NSE" },
    { "name":"Lux Industries Ltd.", "slug":"LUXIND", "se": "NSE" },
    { "name":"MAS Financial Services Ltd.", "slug":"MASFIN", "se": "NSE" },
    { "name":"MMTC Ltd.", "slug":"MMTC", "se": "NSE" },
    { "name":"MOIL Ltd.", "slug":"MOIL", "se": "NSE" },
    { "name":"MRF Ltd.", "slug":"MRF", "se": "NSE" },
    { "name":"Magma Fincorp Ltd.", "slug":"MAGMA", "se": "NSE" },
    { "name":"Mahanagar Gas Ltd.", "slug":"MGL", "se": "NSE" },
    { "name":"Maharashtra Scooters Ltd.", "slug":"MAHSCOOTER", "se": "NSE" },
    { "name":"Maharashtra Seamless Ltd.", "slug":"MAHSEAMLES", "se": "NSE" },
    { "name":"Mahindra & Mahindra Financial Services Ltd.", "slug":"M&MFIN", "se": "NSE" },
    { "name":"Mahindra & Mahindra Ltd.", "slug":"M&M", "se": "NSE" },
    { "name":"Mahindra CIE Automotive Ltd.", "slug":"MAHINDCIE", "se": "NSE" },
    { "name":"Mahindra Holidays & Resorts India Ltd.", "slug":"MHRIL", "se": "NSE" },
    { "name":"Mahindra Logistics Ltd.", "slug":"MAHLOG", "se": "NSE" },
    { "name":"Manappuram Finance Ltd.", "slug":"MANAPPURAM", "se": "NSE" },
    { "name":"Mangalore Refinery & Petrochemicals Ltd.", "slug":"MRPL", "se": "NSE" },
    { "name":"Marico Ltd.", "slug":"MARICO", "se": "NSE" },
    { "name":"Maruti Suzuki India Ltd.", "slug":"MARUTI", "se": "NSE" },
    { "name":"Max Financial Services Ltd.", "slug":"MFSL", "se": "NSE" },
    { "name":"Max India Ltd.", "slug":"MAXINDIA", "se": "NSE" },
    { "name":"Metropolis Healthcare Ltd.", "slug":"METROPOLIS", "se": "NSE" },
    { "name":"MindTree Ltd.", "slug":"MINDTREE", "se": "NSE" },
    { "name":"Minda Corporation Ltd.", "slug":"MINDACORP", "se": "NSE" },
    { "name":"Minda Industries Ltd.", "slug":"MINDAIND", "se": "NSE" },
    { "name":"Motherson Sumi Systems Ltd.", "slug":"MOTHERSUMI", "se": "NSE" },
    { "name":"Motilal Oswal Financial Services Ltd.", "slug":"MOTILALOFS", "se": "NSE" },
    { "name":"MphasiS Ltd.", "slug":"MPHASIS", "se": "NSE" },
    { "name":"Multi Commodity Exchange of India Ltd.", "slug":"MCX", "se": "NSE" },
    { "name":"Muthoot Finance Ltd.", "slug":"MUTHOOTFIN", "se": "NSE" },
    { "name":"NATCO Pharma Ltd.", "slug":"NATCOPHARM", "se": "NSE" },
    { "name":"NBCC (India) Ltd.", "slug":"NBCC", "se": "NSE" },
    { "name":"NCC Ltd.", "slug":"NCC", "se": "NSE" },
    { "name":"NESCO Ltd.", "slug":"NESCO", "se": "NSE" },
    { "name":"NHPC Ltd.", "slug":"NHPC", "se": "NSE" },
    { "name":"NIIT Technologies Ltd.", "slug":"NIITTECH", "se": "NSE" },
    { "name":"NLC India Ltd.", "slug":"NLCINDIA", "se": "NSE" },
    { "name":"NMDC Ltd.", "slug":"NMDC", "se": "NSE" },
    { "name":"NTPC Ltd.", "slug":"NTPC", "se": "NSE" },
    { "name":"Narayana Hrudayalaya Ltd.", "slug":"NH", "se": "NSE" },
    { "name":"National Aluminium Co. Ltd.", "slug":"NATIONALUM", "se": "NSE" },
    { "name":"National Fertilizers Ltd.", "slug":"NFL", "se": "NSE" },
    { "name":"Nava Bharat Ventures Ltd.", "slug":"NBVENTURES", "se": "NSE" },
    { "name":"Navin Fluorine International Ltd.", "slug":"NAVINFLUOR", "se": "NSE" },
    { "name":"Nestle India Ltd.", "slug":"NESTLEIND", "se": "NSE" },
    { "name":"Network18 Media & Investments Ltd.", "slug":"NETWORK18", "se": "NSE" },
    { "name":"Nilkamal Ltd.", "slug":"NILKAMAL", "se": "NSE" },
    { "name":"Oberoi Realty Ltd.", "slug":"OBEROIRLTY", "se": "NSE" },
    { "name":"Oil & Natural Gas Corporation Ltd.", "slug":"ONGC", "se": "NSE" },
    { "name":"Oil India Ltd.", "slug":"OIL", "se": "NSE" },
    { "name":"Omaxe Ltd.", "slug":"OMAXE", "se": "NSE" },
    { "name":"Oracle Financial Services Software Ltd.", "slug":"OFSS", "se": "NSE" },
    { "name":"Orient Cement Ltd.", "slug":"ORIENTCEM", "se": "NSE" },
    { "name":"Orient Electric Ltd.", "slug":"ORIENTELEC", "se": "NSE" },
    { "name":"Orient Refractories Ltd.", "slug":"ORIENTREF", "se": "NSE" },
    { "name":"Oriental Bank of Commerce", "slug":"ORIENTBANK", "se": "NSE" },
    { "name":"PC Jeweller Ltd.", "slug":"PCJEWELLER", "se": "NSE" },
    { "name":"PI Industries Ltd.", "slug":"PIIND", "se": "NSE" },
    { "name":"PNB Housing Finance Ltd.", "slug":"PNBHOUSING", "se": "NSE" },
    { "name":"PNC Infratech Ltd.", "slug":"PNCINFRA", "se": "NSE" },
    { "name":"PTC India Ltd.", "slug":"PTC", "se": "NSE" },
    { "name":"PVR Ltd.", "slug":"PVR", "se": "NSE" },
    { "name":"Page Industries Ltd.", "slug":"PAGEIND", "se": "NSE" },
    { "name":"Parag Milk Foods Ltd.", "slug":"PARAGMILK", "se": "NSE" },
    { "name":"Persistent Systems Ltd.", "slug":"PERSISTENT", "se": "NSE" },
    { "name":"Petronet LNG Ltd.", "slug":"PETRONET", "se": "NSE" },
    { "name":"Pfizer Ltd.", "slug":"PFIZER", "se": "NSE" },
    { "name":"Phillips Carbon Black Ltd.", "slug":"PHILIPCARB", "se": "NSE" },
    { "name":"Phoenix Mills Ltd.", "slug":"PHOENIXLTD", "se": "NSE" },
    { "name":"Pidilite Industries Ltd.", "slug":"PIDILITIND", "se": "NSE" },
    { "name":"Piramal Enterprises Ltd.", "slug":"PEL", "se": "NSE" },
    { "name":"Polycab India Ltd.", "slug":"POLYCAB", "se": "NSE" },
    { "name":"Power Finance Corporation Ltd.", "slug":"PFC", "se": "NSE" },
    { "name":"Power Grid Corporation of India Ltd.", "slug":"POWERGRID", "se": "NSE" },
    { "name":"Praj Industries Ltd.", "slug":"PRAJIND", "se": "NSE" },
    { "name":"Prestige Estates Projects Ltd.", "slug":"PRESTIGE", "se": "NSE" },
    { "name":"Prism Johnson Ltd.", "slug":"PRSMJOHNSN", "se": "NSE" },
    { "name":"Procter & Gamble Health Ltd.", "slug":"PGHL", "se": "NSE" },
    { "name":"Procter & Gamble Hygiene & Health Care Ltd.", "slug":"PGHH", "se": "NSE" },
    { "name":"Punjab National Bank", "slug":"PNB", "se": "NSE" },
    { "name":"Quess Corp Ltd.", "slug":"QUESS", "se": "NSE" },
    { "name":"RBL Bank Ltd.", "slug":"RBLBANK", "se": "NSE" },
    { "name":"REC Ltd.", "slug":"RECLTD", "se": "NSE" },
    { "name":"RITES Ltd.", "slug":"RITES", "se": "NSE" },
    { "name":"Radico Khaitan Ltd", "slug":"RADICO", "se": "NSE" },
    { "name":"Rail Vikas Nigam Ltd.", "slug":"RVNL", "se": "NSE" },
    { "name":"Rain Industries Ltd", "slug":"RAIN", "se": "NSE" },
    { "name":"Rajesh Exports Ltd.", "slug":"RAJESHEXPO", "se": "NSE" },
    { "name":"Rallis India Ltd.", "slug":"RALLIS", "se": "NSE" },
    { "name":"Rashtriya Chemicals & Fertilizers Ltd.", "slug":"RCF", "se": "NSE" },
    { "name":"Ratnamani Metals & Tubes Ltd.", "slug":"RATNAMANI", "se": "NSE" },
    { "name":"Raymond Ltd.", "slug":"RAYMOND", "se": "NSE" },
    { "name":"Redington (India) Ltd.", "slug":"REDINGTON", "se": "NSE" },
    { "name":"Relaxo Footwears Ltd.", "slug":"RELAXO", "se": "NSE" },
    { "name":"Reliance Capital Ltd.", "slug":"RELCAPITAL", "se": "NSE" },
    { "name":"Reliance Industries Ltd.", "slug":"RELIANCE", "se": "NSE" },
    { "name":"Reliance Infrastructure Ltd.", "slug":"RELINFRA", "se": "NSE" },
    { "name":"Reliance Nippon Life Asset Management Ltd.", "slug":"RNAM", "se": "NSE" },
    { "name":"Reliance Power Ltd.", "slug":"RPOWER", "se": "NSE" },
    { "name":"Repco Home Finance Ltd.", "slug":"REPCOHOME", "se": "NSE" },
    { "name":"S H Kelkar and Company Ltd.", "slug":"SHK", "se": "NSE" },
    { "name":"SBI Life Insurance Company Ltd.", "slug":"SBILIFE", "se": "NSE" },
    { "name":"SJVN Ltd.", "slug":"SJVN", "se": "NSE" },
    { "name":"SKF India Ltd.", "slug":"SKFINDIA", "se": "NSE" },
    { "name":"SRF Ltd.", "slug":"SRF", "se": "NSE" },
    { "name":"Sadbhav Engineering Ltd.", "slug":"SADBHAV", "se": "NSE" },
    { "name":"Sanofi India Ltd.", "slug":"SANOFI", "se": "NSE" },
    { "name":"Schaeffler India Ltd.", "slug":"SCHAEFFLER", "se": "NSE" },
    { "name":"Security and Intelligence Services (India) Ltd.", "slug":"SIS", "se": "NSE" },
    { "name":"Sheela Foam Ltd.", "slug":"SFL", "se": "NSE" },
    { "name":"Shilpa Medicare Ltd.", "slug":"SHILPAMED", "se": "NSE" },
    { "name":"Shoppers Stop Ltd.", "slug":"SHOPERSTOP", "se": "NSE" },
    { "name":"Shree Cement Ltd.", "slug":"SHREECEM", "se": "NSE" },
    { "name":"Shree Renuka Sugars Ltd.", "slug":"RENUKA", "se": "NSE" },
    { "name":"Shriram City Union Finance Ltd.", "slug":"SHRIRAMCIT", "se": "NSE" },
    { "name":"Shriram Transport Finance Co. Ltd.", "slug":"SRTRANSFIN", "se": "NSE" },
    { "name":"Siemens Ltd.", "slug":"SIEMENS", "se": "NSE" },
    { "name":"Sobha Ltd.", "slug":"SOBHA", "se": "NSE" },
    { "name":"Solar Industries India Ltd.", "slug":"SOLARINDS", "se": "NSE" },
    { "name":"Sonata Software Ltd.", "slug":"SONATSOFTW", "se": "NSE" },
    { "name":"South Indian Bank Ltd.", "slug":"SOUTHBANK", "se": "NSE" },
    { "name":"Star Cement Ltd.", "slug":"STARCEMENT", "se": "NSE" },
    { "name":"State Bank of India", "slug":"SBIN", "se": "NSE" },
    { "name":"Steel Authority of India Ltd.", "slug":"SAIL", "se": "NSE" },
    { "name":"Sterlite Technologies Ltd.", "slug":"STRTECH", "se": "NSE" },
    { "name":"Strides Pharma Science Ltd.", "slug":"STAR", "se": "NSE" },
    { "name":"Sudarshan Chemical Industries Ltd.", "slug":"SUDARSCHEM", "se": "NSE" },
    { "name":"Sun Pharma Advanced Research Company Ltd.", "slug":"SPARC", "se": "NSE" },
    { "name":"Sun Pharmaceutical Industries Ltd.", "slug":"SUNPHARMA", "se": "NSE" },
    { "name":"Sun TV Network Ltd.", "slug":"SUNTV", "se": "NSE" },
    { "name":"Sundaram Clayton Ltd.", "slug":"SUNCLAYLTD", "se": "NSE" },
    { "name":"Sundaram Finance Ltd.", "slug":"SUNDARMFIN", "se": "NSE" },
    { "name":"Sundram Fasteners Ltd.", "slug":"SUNDRMFAST", "se": "NSE" },
    { "name":"Sunteck Realty Ltd.", "slug":"SUNTECK", "se": "NSE" },
    { "name":"Suprajit Engineering Ltd.", "slug":"SUPRAJIT", "se": "NSE" },
    { "name":"Supreme Industries Ltd.", "slug":"SUPREMEIND", "se": "NSE" },
    { "name":"Suven Life Sciences Ltd.", "slug":"SUVEN", "se": "NSE" },
    { "name":"Suzlon Energy Ltd.", "slug":"SUZLON", "se": "NSE" },
    { "name":"Swan Energy Ltd.", "slug":"SWANENERGY", "se": "NSE" },
    { "name":"Symphony Ltd.", "slug":"SYMPHONY", "se": "NSE" },
    { "name":"Syndicate Bank", "slug":"SYNDIBANK", "se": "NSE" },
    { "name":"Syngene International Ltd.", "slug":"SYNGENE", "se": "NSE" },
    { "name":"TCI Express Ltd.", "slug":"TCIEXP", "se": "NSE" },
    { "name":"TCNS Clothing Co. Ltd.", "slug":"TCNSBRANDS", "se": "NSE" },
    { "name":"TTK Prestige Ltd.", "slug":"TTKPRESTIG", "se": "NSE" },
    { "name":"TV Today Network Ltd.", "slug":"TVTODAY", "se": "NSE" },
    { "name":"TV18 Broadcast Ltd.", "slug":"TV18BRDCST", "se": "NSE" },
    { "name":"TVS Motor Company Ltd.", "slug":"TVSMOTOR", "se": "NSE" },
    { "name":"Take Solutions Ltd.", "slug":"TAKE", "se": "NSE" },
    { "name":"Tata Chemicals Ltd.", "slug":"TATACHEM", "se": "NSE" },
    { "name":"Tata Consultancy Services Ltd.", "slug":"TCS", "se": "NSE" },
    { "name":"Tata Elxsi Ltd.", "slug":"TATAELXSI", "se": "NSE" },
    { "name":"Tata Global Beverages Ltd.", "slug":"TATAGLOBAL", "se": "NSE" },
    { "name":"Tata Investment Corporation Ltd.", "slug":"TATAINVEST", "se": "NSE" },
    { "name":"Tata Motors Ltd DVR", "slug":"TATAMTRDVR", "se": "NSE" },
    { "name":"Tata Motors Ltd.", "slug":"TATAMOTORS", "se": "NSE" },
    { "name":"Tata Power Co. Ltd.", "slug":"TATAPOWER", "se": "NSE" },
    { "name":"Tata Steel Ltd.", "slug":"TATASTEEL", "se": "NSE" },
    { "name":"Teamlease Services Ltd.", "slug":"TEAMLEASE", "se": "NSE" },
    { "name":"Tech Mahindra Ltd.", "slug":"TECHM", "se": "NSE" },
    { "name":"Techno Electric & Engineering Company Ltd.", "slug":"TECHNOE", "se": "NSE" },
    { "name":"The New India Assurance Company Ltd.", "slug":"NIACL", "se": "NSE" },
    { "name":"The Ramco Cements Ltd.", "slug":"RAMCOCEM", "se": "NSE" },
    { "name":"Thermax Ltd.", "slug":"THERMAX", "se": "NSE" },
    { "name":"Thyrocare Technologies Ltd.", "slug":"THYROCARE", "se": "NSE" },
    { "name":"Time Technoplast Ltd.", "slug":"TIMETECHNO", "se": "NSE" },
    { "name":"Timken India Ltd.", "slug":"TIMKEN", "se": "NSE" },
    { "name":"Titan Company Ltd.", "slug":"TITAN", "se": "NSE" },
    { "name":"Torrent Pharmaceuticals Ltd.", "slug":"TORNTPHARM", "se": "NSE" },
    { "name":"Torrent Power Ltd.", "slug":"TORNTPOWER", "se": "NSE" },
    { "name":"Trent Ltd.", "slug":"TRENT", "se": "NSE" },
    { "name":"Trident Ltd.", "slug":"TRIDENT", "se": "NSE" },
    { "name":"Tube Investments of India Ltd.", "slug":"TIINDIA", "se": "NSE" },
    { "name":"UCO Bank", "slug":"UCOBANK", "se": "NSE" },
    { "name":"UFLEX Ltd.", "slug":"UFLEX", "se": "NSE" },
    { "name":"UPL Ltd.", "slug":"UPL", "se": "NSE" },
    { "name":"Ujjivan Financial Services Ltd.", "slug":"UJJIVAN", "se": "NSE" },
    { "name":"UltraTech Cement Ltd.", "slug":"ULTRACEMCO", "se": "NSE" },
    { "name":"Union Bank of India", "slug":"UNIONBANK", "se": "NSE" },
    { "name":"United Breweries Ltd.", "slug":"UBL", "se": "NSE" },
    { "name":"United Spirits Ltd.", "slug":"MCDOWELL-N", "se": "NSE" },
    { "name":"V-Guard Industries Ltd.", "slug":"VGUARD", "se": "NSE" },
    { "name":"V-Mart Retail Ltd.", "slug":"VMART", "se": "NSE" },
    { "name":"V.I.P. Industries Ltd.", "slug":"VIPIND", "se": "NSE" },
    { "name":"VRL Logistics Ltd.", "slug":"VRLLOG", "se": "NSE" },
    { "name":"VST Industries Ltd.", "slug":"VSTIND", "se": "NSE" },
    { "name":"Va Tech Wabag Ltd.", "slug":"WABAG", "se": "NSE" },
    { "name":"Vaibhav Global Ltd.", "slug":"VAIBHAVGBL", "se": "NSE" },
    { "name":"Vakrangee Ltd.", "slug":"VAKRANGEE", "se": "NSE" },
    { "name":"Vardhman Textiles Ltd.", "slug":"VTL", "se": "NSE" },
    { "name":"Varroc Engineering Ltd.", "slug":"VARROC", "se": "NSE" },
    { "name":"Varun Beverages Ltd.", "slug":"VBL", "se": "NSE" },
    { "name":"Vedanta Ltd.", "slug":"VEDL", "se": "NSE" },
    { "name":"Venky's (India) Ltd.", "slug":"VENKEYS", "se": "NSE" },
    { "name":"Vinati Organics Ltd.", "slug":"VINATIORGA", "se": "NSE" },
    { "name":"Vodafone Idea Ltd.", "slug":"IDEA", "se": "NSE" },
    { "name":"Voltas Ltd.", "slug":"VOLTAS", "se": "NSE" },
    { "name":"WABCO India Ltd.", "slug":"WABCOINDIA", "se": "NSE" },
    { "name":"Welspun Corp Ltd.", "slug":"WELCORP", "se": "NSE" },
    { "name":"Welspun India Ltd.", "slug":"WELSPUNIND", "se": "NSE" },
    { "name":"Whirlpool of India Ltd.", "slug":"WHIRLPOOL", "se": "NSE" },
    { "name":"Wipro Ltd.", "slug":"WIPRO", "se": "NSE" },
    { "name":"Wockhardt Ltd.", "slug":"WOCKPHARMA", "se": "NSE" },
    { "name":"Yes Bank Ltd.", "slug":"YESBANK", "se": "NSE" },
    { "name":"Zee Entertainment Enterprises Ltd.", "slug":"ZEEL", "se": "NSE" },
    { "name":"Zensar Technolgies Ltd.", "slug":"ZENSARTECH", "se": "NSE" },
    { "name":"Zydus Wellness Ltd.", "slug":"ZYDUSWELL", "se": "NSE" },
    { "name":"eClerx Services Ltd.", "slug":"ECLERX"}
    
    ]